-- Roles
INSERT INTO ROLE (ID, NAME) VALUES (1, 'USER');
INSERT INTO ROLE (ID, NAME) VALUES (2, 'MANAGER');
INSERT INTO ROLE (ID, NAME) VALUES (3, 'ADMIN');

-- Access levels
INSERT INTO ACCESS (ID, ACCESS_LEVEL) VALUES (1, 'CREATE');
INSERT INTO ACCESS (ID, ACCESS_LEVEL) VALUES (2, 'READ');
INSERT INTO ACCESS (ID, ACCESS_LEVEL) VALUES (3, 'UPDATE');
INSERT INTO ACCESS (ID, ACCESS_LEVEL) VALUES (4, 'DELETE');

-- Roles/access mapping
-- USER: READ
INSERT INTO ROLE_X_ACCESS (ROLE_ID, ACCESS_ID) VALUES (1, 2);
-- MANAGER: CREATE, READ, UPDATE
INSERT INTO ROLE_X_ACCESS (ROLE_ID, ACCESS_ID) VALUES (2, 1);
INSERT INTO ROLE_X_ACCESS (ROLE_ID, ACCESS_ID) VALUES (2, 2);
INSERT INTO ROLE_X_ACCESS (ROLE_ID, ACCESS_ID) VALUES (2, 3);
-- ADMIN: C.R.U.D.
INSERT INTO ROLE_X_ACCESS (ROLE_ID, ACCESS_ID) VALUES (3, 1);
INSERT INTO ROLE_X_ACCESS (ROLE_ID, ACCESS_ID) VALUES (3, 2);
INSERT INTO ROLE_X_ACCESS (ROLE_ID, ACCESS_ID) VALUES (3, 3);
INSERT INTO ROLE_X_ACCESS (ROLE_ID, ACCESS_ID) VALUES (3, 4);

-- Users
-- ADMIN
INSERT INTO CREDENTIALS (ID, NICKNAME, PASSWORD) VALUES (1, 'Alpha1', 'Pass1');
INSERT INTO USER (ID, NAME, PHONE, CREDS_ID, ROLE_ID) VALUES (1, 'Alpha', 1000000, 1, 3);

-- MANAGER
INSERT INTO CREDENTIALS (ID, NICKNAME, PASSWORD) VALUES (2, 'Bravo2', 'Pass2');
INSERT INTO USER (ID, NAME, PHONE, CREDS_ID, ROLE_ID) VALUES (2, 'Bravo', 2000000, 2, 2);

-- USER
INSERT INTO CREDENTIALS (ID, NICKNAME, PASSWORD) VALUES (3, 'Charlie3', 'Pass3');
INSERT INTO USER (ID, NAME, PHONE, CREDS_ID, ROLE_ID) VALUES (3, 'Charlie', 3000000, 3, 1);